[
  {
    "BrandName" : "Vaxneuvance",
    "BrandChips" : {
      "mobile" : "doximity_mobile_VAXNEUVANCE.png",
      "desktop" : "doximity_desktop_VAXNEUVANCE.png"

    },
    "PiMedGuide" : {
      "Prescribing Info" : [true,0],
      "Medication Guide" : [true,1]
    }
  },
  {
    "BrandName" : "Brand 01",
    "BrandChips" : {
      "mobile" : "doximity_mobile_brand01.png",
      "desktop" : "doximity_desktop_brand01.png"

    },
    "PiMedGuide" : {
      "Prescribing Info" : [true,0],
      "Medication Guide" : [true,1]
    }
  },
  {
    "BrandName" : "Brand 02",
    "BrandChips" : {
      "mobile" : "doximity_mobile_brand02.png",
      "desktop" : "doximity_desktop_brand02.png"

    },
    "PiMedGuide" : {
      "Prescribing Info" : [true,0],
      "Medication Guide" : [true,1]
    }
  },
  {
    "BrandName" : "Brand 03",
    "BrandChips" : {
      "mobile" : "doximity_mobile_brand03.png",
      "desktop" : "doximity_desktop_brand03.png"

    },
    "PiMedGuide" : {
      "Prescribing Info" : [false,0],
      "Medication Guide" : [true,0]
    }
  },
  {
    "BrandName" : "Brand 04",
    "BrandChips" : {
      "mobile" : "doximity_mobile_brand04.png",
      "desktop" : "doximity_desktop_brand04.png"

    },
    "PiMedGuide" : {
      "Prescribing Info" : [true,0],
      "Medication Guide" : [false,0]
    }
  },
  {
    "BrandName" : "Brand 05",
    "BrandChips" : {
      "mobile" : "doximity_mobile_brand05.png",
      "desktop" : "doximity_desktop_brand05.png"

    },
    "PiMedGuide" : {
      "Prescribing Info" : [true,1],
      "Medication Guide" : [true,0]
    }
  }
]